1;1;Kit Teclado Y Mouse Logitech MK120 Alambrico USB;Inicio;49;1;;0;;;;;LO099EL0Z2EOBLPE;;;Logitech;;;;;;;;;;;0;;;;;;;;"Marca=Logitech
Modelo=MK120 BK
Tipo=Set
Alto=55 cm
Ancho=19 cm
Profundidad=5 cm
Compatibilidad=Universal";"CARACTERÍSTICAS DEL PRODUCTO
Marca=Logitech
Modelo=MK120 BK
Tipo=Set
Alto=55 cm
Ancho=19 cm
Profundidad=5 cm
Compatibilidad=Universal
Entrada=USB
Inalámbrico=No
Incluye accesorios=Sí
Hecho en=China";;;;;;;;;;;1;https://i.linio.com/p/ee0f5a38afe6953416719bee7be70cb8-product.jpg,https://i.linio.com/p/1ef2237b63aec019cbcd80de4e3f6d06-product.jpg;;;;;new;0;0;;1;0
1;1;Monitor LG 19M38A 18.5 LED 1366x768 VGA-black;Inicio;329;1;;0;;;;;LG018EL0M2BINLPE;;;LG;;;;;;;;;;;0;;;;;;;;"Tamaño: 18.5 pul
Tipo: led
Proporción: wide
Resolución máxima: 1366x768
Contraste: 600:1
Brillo: 200 cd/m2
Entradas: d-sub vga(15 pines)";"SUPER LED
LG y su tecnología LED de panel ultra brillante brinda a los usuarios de este monitor imágenes que parecen reales, con negros verdaderos, blancos brillantes, y detalles sorprendentes. Disfruta de laAlta Definición en tu monitor 19M38 que cuenta con una resolución de 1600 x 900 (720p). Disfruta de toda la calidad de este monitor economizando energía, ya que ahorra hasta 30% de lo que gasta un monitor convencional.
DUAL SMART SOLUTION
¿Cansado de tener tu monitor en tu aburrido mueble para computadora? Este monitor es fácil de instalar en la pared ya que cuenta con los orificios necesarios para ser montado. Además incluye la función Dual Smart Solution, que permite que tu monitor trabaje como pantalla extra cuando estas ocupando un dispositivo compatible con esta tecnología.";;;;;;;;;;;1;https://i.linio.com/p/04b1b69271c396f9934a4e904cfffbe8-product.jpg,https://i.linio.com/p/04fccad1bb2d38c7f1a2edc7df730da8-product.jpg;;;;;new;0;0;;1;0
1;1;"Klip Xtreme - Maletin Classic KNC-080 con Funda para Laptops 15.4"" - Negro";Inicio;69;1;;0;;;;;KL124EL56OGHPEAMZ;;;Klipxtreme;;;;;;;;;;;0;;;;;;;;"Ideal para laptops de hasta 15.4 pulgadas
Compartimiento totalmente forrado y acolchado
Organizador interior
El compartimiento trasero incluye un separador especial ideal
Tirante ajustable para el hombro
Asa forrada en cuero de imitación
Correa para llevarlo en el carrito portaequipaje
Hecho de Nylon
Repelente al agua";El clásico maletín para computadora portátil KNC-080 de KlipXtreme® fusiona la tradicional elegancia del color negro con la funcionalidad del estilo moderno. Al combinar un compartimiento para computadora completamente forrado y acolchado con un amplio espacio interior, este maletín te permite acomodar tus dispositivos portátiles, así como todos aquellos artículos esenciales para la jornada.;;;;;;;;;;;1;https://i.linio.com/p/2f6800096aa99c55ea30ad41ed848cda-product.jpg;;;;;new;0;0;;1;0
1;1;Lector de Tarjetas de Memoria Klip Xtreme KCR-210 54-in-1;Inicio;48.99;1;;0;;;;;KL124EL1JXZRVLPE;;;Klipxtreme;;;;;;;;;;;0;;;;;;;;"Marca: Klip Xtreme
Modelo: KCR-210
Compatibilidad: MS / MS Pro / MS Duo / MS Pro Duo SDTM / Mini SDTM / MMC / SDXC (compatible) / T-flash/ M2
Conectividad: Cable USB incorporado
Velocidad de transferencia de datos: 480Mbps (máxima) / 12 Mbps (alta) / 1.5MB(baja)
Transferencia de archivos: bidireccional de archivos de imágenes y datos
Función de detección automática plug & play: Si
Puerto: USB
Alimentación: 5 voltios de CC a través del puerto USB
Dispositivos soportados: SD2.0 / MMC4.2 / MS 1.43 / MS-Pro 1.02
Requerimientos: Familia Windows , Mac OS 9.0 o superior
Dimensiones de la unidad: 78x27x18,40";Este original y moderno Lector de Tarjetas Compacto de Klip Xtreme te ofrece la movilidad incomparable de llevar contigo imágenes e información digital ¡adonde quieras que vayas! Al combinar cuatro puertos de alta velocidad, el KCR-210 lee y graba varias tarjetas de memoria al mismo tiempo. Funciona con los formatos más conocidos de memorias digitales. Este avanzado multilector de tarjetas te permite abrir y editar archivos directamente, al igual que descargarlos al computador a una velocidad de transferencia de hasta 480 megabitios por segundo.;;;;;;;;;;;1;https://i.linio.com/p/40f8d22db793c2bb36841e3249031dba-product.jpg,https://i.linio.com/p/4280ad72362126d9e7885d2492c9e0ca-product.jpg,https://i.linio.com/p/84bfa12927d053d46a42691ec6d6ebaf-product.jpg,https://i.linio.com/p/ae03a8e26e286577aca49aefa877d800-product.jpg,https://i.linio.com/p/bf531e0e704d59b543fa1244fbc13eb3-product.jpg,https://i.linio.com/p/e1b5090f9af9d48658037b4608564733-product.jpg,https://i.linio.com/p/0d8193fc1da32ea26124954ca74fe8cb-product.jpg,https://i.linio.com/p/a2ef3c97f3a7e0c093f99ba74232ee61-product.jpg;;;;;new;0;0;;1;0
1;1;KLIP XTREME - CARGADOR USB DOBLE PARA AUTOMÓVIL CON CABLE INTEGRADO USB TIPO-C - KMA-111;Inicio;19;1;;0;;;;;KL124EL1A0JEQLPE;;;Klipxtreme;;;;;;;;;;;0;;;;;;;;"Tipo: Cargador para el automóvil
Puertos USB:2
Entrada: 12-24VCC
Salida: 5V
Amperaje total: Cable Tipo C: CC 5V/2,4A Puertos USB: 2 puertos CC 5V/2,4A total
Total en vatios:24W (máx.)";" 
Enchufe y conveniencia de energía para personas en movimientoCargue su teléfono móvil, GPS y más desde la toma de corriente de accesorios de 12V / 24V de su automóvil, camión o SUV. Este práctico cargador para automóvil le permite conectar hasta tres dispositivos alimentados por USB a la vez simultáneamente sin saturar las áreas del tablero y la consola de su vehículo. Elegante y compacto, cabe en el espacio de la toma de accesorios de la mayoría de los vehículosCuenta con un conector tipo C totalmente reversible compatible con la última generación de dispositivos USBPuertos USB duales para cargar dos dispositivos simultáneamente, con una salida máxima combinada de 2.4A Carga confiable con sobrecorriente, sobrecarga, protección contra cortocircuitos, sin riesgo de sobrecalentamiento o daños en sus dispositivos";;;;;;;;;;;1;https://i.linio.com/p/35a45483501a07ad3d488fab930bb403-product.jpg,https://i.linio.com/p/cf9928bc90f50665c6fadda10c748112-product.jpg,https://i.linio.com/p/91bfbf07c02e90a20be20389183c125a-product.jpg;;;;;new;0;0;;1;0
1;1;AURICULAR CON MICROFONO KLIP XTREME KHS-550BK PARA PCTABLETCELULAR;Inicio;49;1;;0;;;;;KL124EL0E4HJRLPE;;;Klipxtreme;;;;;;;;;;;0;;;;;;;;"Obsession - Audifonos estereo con capsula de mando en linea y microfono
Tipo: Supraurales
Unidad del parlante: 40mm
Maxima potencia de salida: 20mW
Margen de frecuencias: 20Hz-20.000Hz
Impedancia: 32 15%
Sensibilidad: 105 3dB/mW (N.P.S a 1kHz)
Conectividad: 3,5mm
Botones: Boton multifuncion (Pausa/Reproducir/Proxima pista/Contestar/Colgar/Ignorar llamada)
Microfono
Tipo: Capsula de mando en linea
Direccionalidad: Omnidirectional
Respuesta en frecuencia: 100Hz-18.000Hz
Impedancia: 32
Sensibilidad: 105dB a 1kHz
Marca: Klip Xtreme
PN: KHS-550BK";Este original audífono con micrófono ostenta unidades excitadoras de 40mm que presentan una respuesta en frecuencia amplia, una distorsión baja, así como graves profundos que se escuchan con una fidelidad asombrosa. El audífono de cápsula cerrada, no solo brinda comodidad, sino que además aísla efectivamente el ruido de fondo. La cápsula de mando con micrófono prendida de un cable plano le confiere un sentido de funcionalidad y estilo. El equilibrio perfecto entre lo práctico y un sonido excepcional es lo que encontrarás en este nuevo audífono de Klip Xtreme.;;;;;;;;;;;1;https://i.linio.com/p/15dedfde216c6ce96fb7094f9656a9ba-product.jpg;;;;;new;0;0;;1;0
1;1;Kingston 32GB DataTraveler 70 USB 3.2 Gen 1 Type-C Flash Drive - DT70/32GB;Inicio;39;1;;0;;;;;KI042EL0ORGLELPE;;;Kingston;;;;;;;;;;;0;;;;;;;;"Kingston 32GB DataTraveler 70 USB 3.2 Gen 1 Type-C Flash Drive - DT70/32GB
Capacidad de almacenamiento de 32GB
Interfaz USB 3.2 Gen 1 Tipo-C
Incluye tapa extraíble
Diseñada para el uso con dispositivos USB-C
Velocidades USB 3.2 Gen 1
Diseño sencillo y portátil
Marca: Kingston
PN: DT70/32GB";"Kingston 32GB DataTraveler 70 USB 3.2 Gen 1 Type-C Flash Drive - DT70/32GB
Amplíe su almacenamiento diario con la unidad flash USB DataTraveler 70 tipo C de 32GB de Kingston . Diseñado para usar con dispositivos USB tipo C, incluidos portátiles, portátiles, tabletas y más, cuenta con una capacidad de almacenamiento de 32GB y aprovecha el bus USB 3.2 Gen 1 para ofrecer velocidades hasta 10 veces más rápidas que el USB 2.0.
Características generales
Almacenamiento USB tipo C
Para usar con dispositivos USB tipo C como computadoras portátiles, tabletas y teléfonos inteligentes.
Velocidades de USB 3.2 Gen 1
Esta unidad ofrece velocidades de hasta 5 Gb / s, que es alrededor de 10 veces más rápido que USB 2.0.
Capacidad de 32GB
Una capacidad de almacenamiento de 32GB te permite llevar tus archivos contigo.
Diseño portátil y simple
Un diseño compacto con una tapa incluida para la interfaz de conexión hace que esta unidad sea fácil de transportar.";;;;;;;;;;;1;https://i.linio.com/p/a200503caf55220cc84927edd6bf9f7c-product.jpg,https://i.linio.com/p/a4976b8b81e4a7dcf8f17dc30975b8b6-product.jpg,https://i.linio.com/p/26d71e4bd94f7138eb622595193e2c78-product.jpg,https://i.linio.com/p/a5a4fd67690f520c6b7b1a59a84fda0a-product.jpg;;;;;new;0;0;;1;0
1;1;JBL JR POP Kids Parlante Portable Bluetooth Speaker Rosa - JBLJRPOPPIKAM;Inicio;179;1;;0;;;;;JB040EL1L0KNVLPE;;;JBL;;;;;;;;;;;0;;;;;;;;"JBL JR POP Kids Portable Bluetooth Speaker Rosa - JBLJRPOPPIKAM
Tecnología inalámbrica Bluetooth
Wireless Bluetooth Streaming
Up to 5 Hours of Playtime
Built-In Rechargeable LiPo Battery
IPX7 Waterproof
Categoría de color: Rosa
Marca: JBL
PN: JBLJRPOPPIKAM";"JBL JR POP Kids Portable Bluetooth Speaker Rosa - JBLJRPOPPIKAM
Deje que sus hijos escuchen sus canciones favoritas sin importar dónde se encuentre con el genial altavoz portátil azul JBL JR POP. La batería de polímero de iones de litio recargable incorporada admite hasta cinco horas de tiempo de juego, para que su hijo pueda disfrutar de su lista de reproducción favorita desde el autobús escolar hasta sus actividades después de la escuela. Incluso puede llevar este altavoz portátil a la playa o la piscina gracias a su clasificación de impermeabilidad IPX7, que continuará funcionando si está mojado o incluso sumergido. Además, el JR POP presenta un modo de iluminación multicolor que agrega más diversión e interacción con este altavoz.
Correa de transporte extraíble
Los niños pueden usar la correa extraíble para colocar este altavoz en su mochila o presilla.
Personaliza este altavoz
Los niños pueden personalizar este altavoz portátil con los divertidos juegos de pegatinas incluidos.";;;;;;;;;;;1;https://i.linio.com/p/482838c54e31f6ff8f6281ca8a47768b-product.jpg,https://i.linio.com/p/53b9a914d2c379f420de1db3524e51a3-product.jpg;;;;;new;0;0;;1;0
1;1;PC COMPLETA INTEL 8GB, SSD 240, LED 19;Inicio;1449;1;;0;;;;;IN278EL1B8YENLPE;;;Intel;;;;;;;;;;;0;;;;;;;;"PROCESADOR INTEL PENTIUM G5420 3.8GHZ 4MB LGA1151
PLACA MADRE H310M-E, LGA1151, H310, HDMI,VGA.SOP-32GB RAM
DISCOS SOLIDO SSD kingston 240GB SA400 SATA 2.5""
MEMORIA RAM , 8GB, DDR4, 2666 MHz 
Case ATX 600W
MONITOR LG 19M38A, 18.5"" LED HD 1366x768  VGA, VESA
KIT MICROSOFT 2 EN 1 TECLADO + MOUSE WIRED 600SP MULTIMEDIA
Sen entrega listo y operativo
Garnatia de 1 hasta 3 años";"¡Navega sin preocupaciones! ¡Realiza tus trabajos! , para punto de venta de tu negocio, ¡Mira tus películas favoritas! ¡Diviértete jugando! Y muchas otras cosas más, gracias a que este computador viene equipado con una memoria RAM de gran capacidad y un dispositivo de almacenamiento de gran tamaño. 
Lo mejor de todo es que cuenta con un DISCO DURO SOLIDO, para mayor velocidad 
Es perfecta para ti ¡No te quedes sin la tuya! Adquiere el procesador actual del mercado con el mejor puntaje respecto a la relación PRECIO-CALIDAD.
Soporta Windows 10, Office 2019.( no incluye)
Ideal para ser repotenciado cuando ud lo requiere.";;;;;;;;;;;1;https://i.linio.com/p/8c44fa0f5f88f4ca62e052c6bc254ff3-product.jpg;;;;;new;0;0;;1;0
1;1;Computadora i7 10, Ingeniería1 16GB, SSD 480, GTX 1650 4GB, LED 27 FullHD.;Inicio;5299;1;;0;;;;;IN278EL17ILZJLPE;;;Intel;;;;;;;;;;;0;;;;;;;;"FUENTE DE PODER, 700W 80PLUS BRONZE, FULL MODULAR
CASE ANTRYX E270 PLUS NEGRO sin fuente
KIT MICROSOFT 2 EN 1 TECLADO + MOUSE WIRED 600SP MULTIMEDIA";"PLACA ASUS PRIME Z490-P S/V/L DDR4
PCi716S4X4GL27
PROCESADOR INTEL CORE i7-10700 2.9/4.8GHZ DECIMA GENERACION
Memoria HP V6 Series, 16GB, DDR4, 3000 MHz, PC4-24000, CL-16, 1.35V
DISCOS SOLIDO SSD kingston 480GB SA400 SATA 6GB/S 2.5""
TARJETA DE VIDEO GTX1650 NVIDIA 4GB DDR6 PCI E HDMI DP
FUENTE DE PODER, 700W 80PLUS BRONZE, FULL MODULAR
CASE ANTRYX E270 PLUS NEGRO sin fuente
KIT MICROSOFT 2 EN 1 TECLADO + MOUSE WIRED 600SP MULTIMEDIA
Se envía Configurado y operativo.
Garantía detallado de 1 a 3 años.";;;;;;;;;;;1;https://i.linio.com/p/357a8c3260bd84732989ea42f9105afe-product.jpg,https://i.linio.com/p/d99e3c5aba0fc61ed4fd67342b5908e4-product.jpg;;;;;new;0;0;;1;0
1;1;PC COMPLETA CORE i3-9100F, 8GB, 1TB, NVIDIA 1GB, MONITOR LED 18.5 REGALO KIT DE TECLADO & MOUSE;Inicio;1679;1;;0;;;;;IN278EL14WJI7LPE;;;Intel;;;;;;;;;;;0;;;;;;;;"PROCESADOR INTEL CORE I3-9100F 3.6/4.2GHZ 6MB LGA1151 4NUCLEOS
PLACA MADRE H310M-E, LGA1151, H310, HDMI,VGA.SOP-32GB RAM
Monitor HP P204 Display – 19,5 Pulgadas (P204)
DISCO DURO  ( ELEGIR OPCION )  SOLO UNA !!
SOLIDO 240 GB ( SOLIDO SSD 2.5 )
SOLIDO 480 GB  ( SOLIDO SSD 2.5 )
SEAGATE BARRACUDA 1TB SATA 6Gb/s 64 MB 3.5"" 7200RPM ( MECANICO ) 
MEMORIA RAM , 8GB, DDR4, 2666 MHz  LEXAR 
Tarjeta de Video DUAL ASUS  G610 1GB,  HDMI/ DVI-I/ VGA.
MONITOR LG , 18.5"" LED HD 
CASE ATN FUENTE STANDAR 350W AVATEC 
 OBSEQUIO KIT  2 EN 1 TECLADO + MOUSE VERBATIM
GARANTIA DE  12 MESES 
SE ENVÍA EQUIPO CONFIGURADO LISTO PARA EL USO.";"PC ARMADA GAMER  INTEL I3 9700F  - 8GB DDR4 - DISCO DURO A ELEGIR   240 / 480 / 1 TB MECANICO  - TARJETA DE VIDEO 1 GB GT610  REGALO  KIT DE TECLADO & MOUSE +Monitor  18,5 Pulgadas 
Esta configuración cuenta con un procesador INTEL CORE I3  9700F , una solución accesible que nos permite disfrutar juegos como Overwatch, GTA V, Dota 2, CS:GO, Battlefield 1 entre otros a calidad media a una resolución 720p e incluso 1080p en los juegos menos demandantes, reproducir contenido multimedia 1080p o 4K y realizar tareas de hogar / oficina 

CARACTERÍSTICAS
-Microprocesador  :PROCESADOR INTEL CORE I3-9100F 3.6/4.2GHZ 6MB LGA1151 4NUCLEOS
 -Motherboard  H310 - Soporta PROCESADORES INTEL  - Hasta 32GB DDR4 2400Mhz - USB 3.0 - SATA 6Gbps - PCI-E 3.0 - M.2
 -Memoria RAM 8GB DDR4 2666Mhz 
-Gabinete kit con fuente 350W + Teclado, mouse
DISCO DURO  ( ELEGIR OPCION )  SOLO UNA !!
SOLIDO 240 GB 
SOLIDO 480 GB 
SEAGATE BARRACUDA 1TB SATA 6Gb/s 64 MB 3.5"" 7200RPM
 EQUIPO CONFIGURADO Y LISTO PARA USAR
GARANTIA DE 1 A 3 AÑOS POR PIEZAS SEGUN EL FABRICANTE
 No pierdas la oportunidad la mejor relación precio calidad del mercado de computadoras. ";;;;;;;;;;;1;https://i.linio.com/p/3911f8bfd66fd53921c97c96ba819dc5-product.jpg,https://i.linio.com/p/fbc724438e27862ec96e4273cfe78b7c-product.jpg;;;;;new;0;0;;1;0
1;1;Procesador-Intel-Core-i5-10400-10ma-gen-290GHz-12MB-Caché-L3-65W-14nm;Inicio;999.9;1;;0;;;;;IN278EL12IKO2LPE;;;Intel;;;;;;;;;;;0;;;;;;;;"MARCA INTEL
FAMILIA CORE
LINEA Procesador Core i5 S1200 10XXX - Decima Generacion
NUMERO DE PROCESADOR 10400
NUMERO DE MODELO DE CAJA BX8070110400
SOCKET LGA1200 INTEL
VELOCIDAD BASE 2.90 GHZ
VELOCIDAD MAXIMA DEL NUCLEO 4.30 GHZ
VELOCIDAD DE BUS 8 GT/S
MEMORIA CACHE CACHE L3 12 MB
NUMERO DE NUCLEOS 6
NUMERO DE HILOS 12
LITOGRAFIA 14 NM
TDP 65 W";"Video Intel HD Graphics 630Tecnologías: Compatible con Intel Optane, Turbo Boost 2.0, Secure Key, Virtualización (VT-x)(VT-d).Presentación en caja
MARCAINTELFAMILIACORELINEAProcesador Core i5 S1200 10XXX - Decima GeneracionNUMERO DE MODELO DE PROCESADORNUMERO DE PROCESADOR10400NUMERO DE MODELO DE CAJABX8070110400SOCKETLGA1200 INTELVELOCIDAD BASE2.90 GHZVELOCIDAD MAXIMA DEL NUCLEO4.30 GHZVELOCIDAD DE BUS8 GT/SMEMORIA CACHECACHE L312 MBNUMERO DE NUCLEOS6NUMERO DE HILOS12LITOGRAFIA14 NMTDP65 WTEMPERATURA DE OPERACION100° CSOLUCION TERMICAPCG 2015CESPECIFICACION DE MEMORIATAMAÑO MAXIMO DE MEMORIA128 GBINTERFAZ DE MEMORIADDR4
CANALES DE MEMORIA2PROCESADOR GRAFICOINTEL HD GRAPHICS 630TECNOLOGIA INTELCOMPATIBLE CON LA MEMORIA INTEL OPTANE
CONJUNTO DE INSTRUCCIONES 64-BIT
ESTADOS INACTIVOS
HYPER-THREADING
INTEL 64
INTEL BOOT GUARD
INTEL SOFTWARE GUARD EXTENSIONS (INTEL SGX)
NUEVAS INSTRUCCIONES INTEL AES
OS GUARD
SECURE KEY
SET DE EXTENSION DE INSTRUCCIONES AVX 2.0
SPEEDSTEP MEJORADA
TURBO BOOST 2.0
VIRTUALIZACIÓN (VT-X)
VIRTUALIZACIÓN PARA E/S DIRIGIDA (VT-D)";;;;;;;;;;;1;https://i.linio.com/p/5795a38d979a36e140cbb9d7c86613d1-product.jpg;;;;;new;0;0;;1;0
1;1;PC GAMER INTEL CORE i5-10400, 10ma Gen, 1TB, 8GB, RX570 8GB, MONITOR 24;Inicio;3699;1;;0;;;;;IN278EL12FQNJLPE;;;Intel;;;;;;;;;;;0;;;;;;;;"PROCESADOR INTEL CORE I5-10400 2.9/4.3GHZ DECIMA GENERACION (décima generacion)
PLACA I B460M PRO-VDH WF SVL D4-hasta 64GB 10ma Generacion. M.2.
DISCO DURO SEAGATE BARRACUDA 1TB SATA 6Gb/s 64 MB 3.5"" 7200RPM
MEMORIA , 8GB, DDR4, 3000 MHz, PC4-24000, CON DISIPADOR CON 
TARJETA DE VIDEO GAMING RADEON RX570 8GB GDDR5 256 BITS HDMI/DVI-D/DP
CASE GAMER LED , FUENTE 450/550W real USB3.0.
MONITOR TEROS TE24FHD, 24"" IPS, 1920X1080 FULL HD, HDMI / VGA 5ms
KIT GAMING PLAYER TECLADO + MOUSE TL K8 LED A COLORES
ENVIAMOS CONFIGURADO Y OPERATIVO
DISEÑO DE CASE RUEDE VARIAR";"PC Core i5 décima generación
Este equipo esta preparado para trabajos de nivel GAMING intermedio ademas dedicado para casas U oficinas en el cual podrán ejecutar, programas de Ofimática, redes y contabilidad.
Ideal para juegos en nivel intermedio y avanzado: fortnite, dota 2, overwatch, counter strike, warframe, league of legends entre otros juegos populares en línea.
¡Encontraste tu mejor compañero de juegos, estudios y principal apoyo en el trabajo!
Es perfecta para ti ¡No te quedes sin la tuya
Brindamos garantía de 1 - 3 años según componente, respaldado por la marca y pc-ya empresarial.";;;;;;;;;;;1;https://i.linio.com/p/d747acdb1dce481fa9d59a451747d9fe-product.jpg,https://i.linio.com/p/5eeb14b4949a23aee0847ef47c40e47a-product.jpg,https://i.linio.com/p/18881b95d9eaafd9af77c69233c2dff3-product.jpg;;;;;new;0;0;;1;0
1;1;PC GAMER INTEL CORE i5-10400, 10ma Gen, 1TB, 8GB, RX570 8GB, MONITOR 24;Inicio;3699;1;;0;;;;;IN278EL1110YJLPE;;;Intel;;;;;;;;;;;0;;;;;;;;"PROCESADOR INTEL CORE I5-10400 2.9/4.3GHZ DECIMA GENERACION (décima generacion)
PLACA I B460M PRO-VDH WF SVL D4-hasta 64GB 10ma Generacion. M.2.
DISCO DURO SEAGATE BARRACUDA 1TB SATA 6Gb/s 64 MB 3.5"" 7200RPM
MEMORIA , 8GB, DDR4, 3000 MHz, PC4-24000, CON DISIPADOR CON 
TARJETA DE VIDEO GAMING RADEON RX570 8GB GDDR5 256 BITS HDMI/DVI-D/DP
CASE GAMER LED , FUENTE 450/550W real USB3.0.
MONITOR TEROS TE24FHD, 24"" IPS, 1920X1080 FULL HD, HDMI / VGA 5ms
KIT GAMING PLAYER TECLADO + MOUSE TL K8 LED A COLORES
ENVIAMOS CONFIGURADO Y OPERATIVO
DISEÑO DE CASE RUEDE VARIAR";"PC Core i5 décima generación
Este equipo esta preparado para trabajos de nivel GAMING intermedio ademas dedicado para casas U oficinas en el cual podrán ejecutar, programas de Ofimática, redes y contabilidad.
Ideal para juegos en nivel intermedio y avanzado: fortnite, dota 2, overwatch, counter strike, warframe, league of legends entre otros juegos populares en línea.
¡Encontraste tu mejor compañero de juegos, estudios y principal apoyo en el trabajo!
Es perfecta para ti ¡No te quedes sin la tuya
Brindamos garantía de 1 - 3 años según componente, respaldado por la marca y pc-ya empresarial.";;;;;;;;;;;1;https://i.linio.com/p/bfa72dd964919a9ce93b9989a3198d49-product.jpg,https://i.linio.com/p/ceacdc38cc8da9f57d2755fc3c038fa4-product.jpg;;;;;new;0;0;;1;0
1;1;CPU Intel Core i9-10ma Generación 16GB SSD M2 500GB;Inicio;4999;1;;0;;;;;IN278EL0X9QNZLPE;;;Intel;;;;;;;;;;;0;;;;;;;;"Procesador intel core i9 decima generacion
PROCESADOR INTEL CORE I9-10850K LGA1200, 3.60/5.20 GHz, 10 NÚCLEOS.
SISTEMA DE REFRIGERACION LIQUIDA ROSEWILL, ventilador PWM x 2 de 120mm - material aluminio
Placa Z490-A Ddr4 Soporte Hasta 128gb 
Disco Solido Ssd 500gb, M.2, 2280. Alta Velocidad
Memoria 16gb, Ddr4, Bus 3000 Mhz, Pc4-24000, Cl-16, 1.35v
Case Gamer , Sin Fuente, Mid Tower, Negro Mate, Usb 3.0, Fan Posterior, Superior Y Frontis 12 Cm Rgb.
Fuente De Poder  700w 80plus Bronze, Full Modular
Diseño Del Case Puede Variar Sin Perder La Performance
Garantía 1 A3 Años Por PCYA Empresarial
No Incluye Software Se Envía Configurado Y Operativo";"Renueva tu computadora con un potente procesador Intel core i9,
Solución a todo trabajo multitarea, juegos en línea, diseño, estudio, sobre todo el trabajo y producción,  todo lo que necesitas tener en casa con una inversión mínima, con una calidad profesional de ensamblaje y configuración, que nos permite ofrecer por los años de experiencia en el rubro, comprueba en cada compra, garantía de 1 a 3 años,  nuestra pos  venta eficiente, una respuesta pronta y apoyo técnico, es lo que nos hace la diferencia  como empresa, con el respaldo de  PCYA EMPRESARIAL,  no te quedes sin el suyo !";;;;;;;;;;;1;https://i.linio.com/p/c38510611f24ca781d8603fe2789260d-product.jpg,https://i.linio.com/p/74503cd9a6aff614a624926ab58c59f9-product.jpg,https://i.linio.com/p/84acabf312f9a3392594d3f50d59e165-product.jpg;;;;;new;0;0;;1;0
1;1;PC COMPLETA CORE i3-9100F, 8GB, 1TB, NVIDIA, 1GB, LED 19;Inicio;2200;1;;0;;;;;IN278EL0NDH1RLPE;;;Intel;;;;;;;;;;;0;;;;;;;;¡Navega sin preocupaciones! ¡Realiza tus trabajos! ¡Mira tus películas favoritas! ¡Diviértete jugando! Y muchas otras cosas más, gracias a que este computador viene equipado con una memoria RAM de gran capacidad y un dispositivo de almacenamiento de gran tamaño. ;"PROCESADOR INTEL CORE I3-9100F 3.6/4.2GHZ 6MB LGA1151 4NUCLEOS
PLACA MADRE H310M-E, LGA1151, H310, HDMI,VGA.SOP-32GB RAM
DISCO DURO SEAGATE BARRACUDA 1TB SATA 6Gb/s 64 MB 3.5"" 7200RPM
MEMORIA RAM , 8GB, DDR4, 2666 MHz 
Tarjeta de Video DUAL EVGA GeForce G210 1GB,  HDMI/ DVI-I/ VGA.
MONITOR LG 19M38A, 18.5"" LED HD 1366x768  VGA, VESA
CASE ATN FUENTE STANDAR 600W
KIT MICROSOFT 2 EN 1 TECLADO + MOUSE WIRED 600SP MULTIMEDIA
GARANTIA DE 1 A 3 AÑOS
SE ENVÍA EQUIPO CONFIGURADO LISTO PARA EL USO.";;;;;;;;;;;1;https://i.linio.com/p/8c1130ea8c4f5982aa2c8901fa38bfaa-product.jpg;;;;;new;0;0;;1;0
1;1;CPU Intel I3-10ma Generacion RAM 8GB HDD 1TB;Inicio;1579;1;;0;;;;;IN278EL0L663ZLPE;;;Intel;;;;;;;;;;;0;;;;;;;;"Procesador Intel Core i3-10100, 3.60 GHz (DECIMA GENERACION), 6 MB Caché L3, LGA1200
PLACA ASUS PRIME H410M-E, LGA1200, DDR4, SATA 6.0 GB/S, HDMI,VGA
MEMORIA HP V2 Series, 8GB, DDR4, 2666 MHz, PC4-21300, CL-19, 1.35V
DISCO DURO SEAGATE 1TB SATA 6Gb/s 64 MB 3.5"" 7200RPM
CASE  24PINES ATX 02 LED ROJO 350W 
Free Dos / No Software / Se Entrega Operativa
Diseño del case puede variar.";"CPU Core i3 décima generación
Este equipo esta preparado para trabajos de nivel oficina y hogar, estudio en general, ademas  podrán ejecutar, programas de Ofimática, redes y contabilidad.
¡Encontraste tu mejor compañero de juegos, estudios y principal apoyo en el trabajo!
Es perfecta para ti ¡No te quedes sin la tuya
Brindamos garantía de 1 – 3 años según componente, respaldado por la marca y pc-ya empresarial.";;;;;;;;;;;1;https://i.linio.com/p/fba02115147e3235d2dc1d0388b45751-product.jpg;;;;;new;0;0;;1;0
1;1;PC Gamer Intel Core i3 9100F -RAM 8GB - SSD 480GB - GT 710 ( Obsequio kit de teclado & mouse );Inicio;1549;1;;0;;;;;IN278EL0G6BL7LPE;;;Intel;;;;;;;;;;;0;;;;;;;;"PROCESADOR : Intel Core i3 9100F 3.6Ghz  4 Núcleos / 4 Hilos
Placa Madre: H310
Memoria Ram: DDR4 8GB 2666Mhz
Almacenamiento SSD 480GB
Tarjeta Grafica: NVIDIA GT 710 2GB
Fuente: 350 WATTS
Case:  AVATEC MODELOS VARIOS
OSEQUIO KIT DE TECLADO Y MOUSE";"PC ARMADA GAMER  INTEL I3 9700F  - 8GB DDR4 -480  - TARJETA DE VIDEO 2 GB GT 710  KIT DE TECLADO & MOUSE
Esta configuración cuenta con un procesador INTEL CORE I3  9700F , una solución accesible que nos permite disfrutar juegos como Overwatch, GTA V, Dota 2, CS:GO, Battlefield 1 entre otros a calidad media a una resolución 720p e incluso 1080p en los juegos menos demandantes, reproducir contenido multimedia 1080p o 4K y realizar tareas de hogar / oficina 

CARACTERÍSTICAS
-Microprocesador AMD APU A10 9700 - 4 Núcleos - Frecuencia 3.5/3.8Ghz - Cache 2Mbl - Gráficos Integrados Radeon R7 series 
-Motherboard  H310 - Soporta PROCESADORES INTEL  - Hasta 32GB DDR4 2400Mhz - USB 3.0 - SATA 6Gbps - PCI-E 3.0 - M.2
-Memoria RAM 8GB DDR4 2666Mhz - 
-Disco ssd : 480 GB 
-Gabinete kit con fuente 350W + Teclado, mouse
 EQUIPO CONFIGURADO Y LISTO PARA USAR
GARANTIA DE 1 A 3 AÑOS POR PIEZAS SEGUN EL FABRICANTE
 No pierdas la oportunidad la mejor relación precio calidad del mercado de computadoras. ";;;;;;;;;;;1;https://i.linio.com/p/c2ea4fa69462f32b9acb8bb0180be97c-product.jpg,https://i.linio.com/p/0a6976f425d5a6f2d0bc9c3e1d3d1c9e-product.jpg;;;;;new;0;0;;1;0
1;1;PC Intel Core i5 9400 Ram 8GB disco duro SSD 240 GB REGALO KIT DE TECLADO & MOUSE;Inicio;1999;1;;0;;;;;IN278EL083K2NLPE;;;Intel;;;;;;;;;;;0;;;;;;;;"Intel Core i5 9400 2.9Ghz  6 Núcleos / 6 Hilos ( Novena Generacion ) 
Placa Madre: H310
Memoria Ram: DDR4 8GB 2666Mhz
Almacenamiento SSD 240GB/480GB*
Fuente: 350 W  
GARANTIA 1 A 3 AÑOS DEPENDIENDO DEL COMPONENTE 
Case: AVATEC MODELOS VARIADOS
REGALO : KIT DE TECLADO & MOUSE ";"PC ARMADA GAMER  INTEL I5 9400  - 8GB DDR4 -240 /480  -  KIT DE TECLADO & MOUSE
Esta configuración cuenta con un procesador INTEL CORE I3  9400  , una solución accesible que nos permite disfrutar juegos como Overwatch, GTA V, Dota 2, CS:GO, Battlefield 1 entre otros a calidad media a una resolución 720p e incluso 1080p en los juegos menos demandantes, reproducir contenido multimedia 1080p o 4K y realizar tareas de hogar / oficina 

CARACTERÍSTICAS
-Microprocesador    INTEL I5 9400  Novena Generacion 
-Motherboard  H310 - Soporta PROCESADORES INTEL  - Hasta 32GB DDR4 2400Mhz - USB 3.0 - SATA 6Gbps - PCI-E 3.0 - M.2
-Memoria RAM 8GB DDR4 2666Mhz - 
-Disco ssd : SSD 240GB/480GB*
-Gabinete kit con fuente 350W + Teclado, mouse
 EQUIPO CONFIGURADO Y LISTO PARA USAR
GARANTIA DE 1 A 3 AÑOS POR PIEZAS SEGUN EL FABRICANTE
 No pierdas la oportunidad la mejor relación precio calidad del mercado de computadoras. ";;;;;;;;;;;1;https://i.linio.com/p/3cd016554613fd903d1030bb75213751-product.jpg,https://i.linio.com/p/bd1fef85ccf4f9e6f5539e385dda9daa-product.jpg;;;;;new;0;0;;1;0
1;1;COOLER IBLUE PNOTEBOOK H19-BK 14 USB BLACK;Inicio;54;1;;0;;;;;IB900EL0FEDH7LPE;;;Iblue;;;;;;;;;;;0;;;;;;;;"MARCA
iBLUE
MODELO
H19-BK
NÚMERO DE PARTE
H19-BK
CARACTERÍSTICAS
SOPORTE
Soporta Notebook de hasta 14
CONEXIÓN
Incluye un puerto USB adicional para conectar cualquier dispositivo USB
COMPATIBILIDAD
Notebooks de hasta 14
ILUMINACIÓN
Cuenta con luz led azul integrada que le da la sensación de refrigeración extrema
DISEÑO
Fashionista y fresco del producto ideal para los que le gusta estar a la vanguardia
ESPECIFICACIONES
VELOCIDAD
1000 Rpm
FUENTE DE ENERGÍA
Usb5vdc
CORRIENTE NOMINAL
2w
TAMAÑO DE VENTILADOR
140 X 140 X 15mm
NRO DE VENTILADORES
1 unidad
DIMENSIONES
330 X 250 X 40mm
PESO
0.368 kg";MAPU PERU S.A.C , Es una empresa que se especializa en traerte las últimas novedades, distribuidora y mayorista de productos tecnológicos, accesorios de cómputo, celulares, accesorios Gamers, tablets, memorias USB, Micro Sd. Smartwatch.¡Ideales para ti o para regalar!  MAPU PERU S.A.C siempre innovando su línea de productos, brindándote rapidez y eficiencia a los mejores precios. Porque MAPU siempre está buscando llevarte productos exclusivos y diferentes. Déjate sorprender con todo lo que traen para ti.Todos nuestros precios incluye IGV.;;;;;;;;;;;1;https://i.linio.com/p/ad09175e105e87698f978c48dec6d20a-product.jpg,https://i.linio.com/p/b6ec135bde42fea776c51ddbbf0cc28a-product.jpg;;;;;new;0;0;;1;0
1;1;Brazalete Deportivo Huawei AW19 6 Pulgadas Gris;Inicio;89;1;;0;;;;;HU445EL16PMDTLPE;;;Huawei;;;;;;;;;;;0;;;;;;;;"Banda deportiva de lujo marca Huawei Fitness Armband para el movimiento con el teléfono.
Sujeción sencilla alrededor del brazo con una correa flexible.
El brazalete para ejercicios de Huawei está diseñado para servir a todos los atletas.
Mica transparente para pantalla táctil, apertura de auriculares, estuche adecuado para teléfonos con pantalla de hasta aproximadamente 6 pulgadas. ";"Brazalete Deportivo Huawei AW19 6 Pulgadas Gris
Banda deportiva de lujo marca Huawei Fitness Armband para el movimiento con el teléfono.Sujeción sencilla alrededor del brazo con una correa flexible.El brazalete para ejercicios de Huawei está diseñado para servir a todos los atletas.Mica transparente para pantalla táctil, apertura de auriculares, estuche adecuado para teléfonos con pantalla de hasta aproximadamente 6 pulgadas.
Descripción
La Banda deportiva es de tamaño universal y el ajuste de la correa ofrece solo 4 tamaños en una versión S / M / L / XL. El estuche deportivo Huawei Fitness Armband ha sido sujeto a controles muy estrictos en cada punto de producción, asegurando que el menor detalle sea lo más alto posible.El estuche está hecho de material de neopreno, velcro y mica, esta combinación de materiales evita que el teléfono se raye y, al mismo tiempo, lo controle cómodamente durante los deportes.
Una de las marcas más populares de Huawei ha comenzado recientemente a ser la líder entre los diversos accesorios, no solo para teléfonos móviles. Los accesorios móviles siempre se mantienen al día con el diseño actual y el código de moda. Todo está cuidadosamente diseñado y adaptado para la mejor protección del teléfono. Como resultado, el estuche deportivo de Huawei para su teléfono inteligente es una diagonal de 6 pulgadas.";;;;;;;;;;;1;https://i.linio.com/p/36de0f6c2cd3468b7dee7702c7f633bb-product.jpg,https://i.linio.com/p/07a8b4bb3326393aab8fee6d10c407c9-product.jpg;;;;;new;0;0;;1;0
1;1;PC HP AIO 205 G3 AMD A4-9125 2.3GHZ, 4GB, 1TB, LED 19.5,WEB CAM WiFi.;Inicio;1699;1;;0;;;;;HP016EL0XVOSFLPE;;;HP;;;;;;;;;;;0;;;;;;;;"Modelo 205 G3
Memoria total RAM 4GB Expandible
Procesador AMD A4-9125 2.3GHZ
Memoria total RAM 4GB
Tipo de teclado y mouse:  Alámbrico
Sistema operativo: FREEDOS (Libre de sistema operativo)
Tarjeta de video No
Cámara Web Sí
Tamaño de la pantalla 19.5 pulgadas WXGA (1366X768)
Unidad óptica Sí
Tipo de pantalla WLED
Entradas USB 3
Peso 5
Pantalla Touch No
Idioma del teclado ESPAÑOL
Garantía 12 meses por HP
Se envía configurado y operativo";"Confiabilidad con un precio accesible
Cumpla de forma accesible con las exigencias diarias del trabajo y elimine el desorden indeseado de su escritorio con la Todo-en-Uno HP 205, confiable y apta para todo.

Desarrollada para todo
Mejore su productividad con los procesadores AMD de la serie E y cuatro núcleos y los gráficos integrados AMD R2 para obtener un rendimiento poderoso a un precio excelente.

Diseño elegante y configuración fácil
Administre con eficiencia su espacio de trabajo gracias a este diseño inteligente y delgado con redes inalámbricas que brindan conectividad sin cables. El HP 205 es fácil de configurar y de usar; basta desempacar, colocar en el escritorio, conectar y empezar a trabajar.

La flexibilidad es estándar
La memoria de su PC puede funcionar con la misma eficiencia que usted gracias a la compatibilidad con la memoria RAM DDR4 de 4GB, puertos USB para conectar dispositivos que lo mantengan productivo";;;;;;;;;;;1;https://i.linio.com/p/2eacd6a7c5e64ce66cf0b2a79a85dc7c-product.jpg,https://i.linio.com/p/0a55f4a4135e9c369f0e379927030cd9-product.jpg;;;;;new;0;0;;1;0
1;1;FUENTE DE PODER HALION ATX 600W SLIM;Inicio;65;1;;0;;;;;HA095EL199ZP7LPE;;;Halion;;;;;;;;;;;0;;;;;;;;"Marcas    Halion
Modelo    Micro ATX 600W
Capacidad de Salida    600 – 699 W";"Marcas    Halion

Modelo    Micro ATX 600W

Capacidad de Salida    600 – 699 W

Especificaciones Adicionales    
• Orange: +3.3V 35A.
• Red: +5V 40A.
• Yellow: +12V 20A.
• White: -5V 0.5A.
• Blue: -12V 0.5A.
• Purple: +5VSB 2.5A.
• Green: PS-ON.
• Black: COM GND.
• Brown: POK.

Dimensiones    
15cm x 13cm x 15cm.

Presentación    
Caja          ";;;;;;;;;;;1;https://i.linio.com/p/770ab637f95bc2b96b85b97211384406-product.jpg;;;;;new;0;0;;1;0
1;1;PC GAMER RYZEN 5 – VIDEO RX 570 8GB, 8GB, 1TB, MONITOR 24, FULLHD;Inicio;3149;1;;0;;;;;GE582EL1E2F3VLPE;;;Generico;;;;;;;;;;;0;;;;;;;;"PROCESADOR AMD RYZEN 5 2600G 3.40GHZ, AM4.
TARJETA DE VIDEO  GAMING RADEON RX570 8GB OC/H GDDR5 256 BITS HDMI/DVI-D/DP
PLACA ASUS PRIME B450, AM4, .SOP.32GB RAM.
DISCO DURO SEAGATE 1TB SATA 6Gb/s 64 MB 3.5"" 7200RPM
MEMORIA HyperX Fury, 8GB, DDR4, 2666 MHz CON DISIPADOR.
CASE GAMER  450W 1x USB 3.0 
MONITOR TEROS TE24FHD, 24"" IPS, 1920X1080 FULL HD, HDMI / VGA 5ms
KIT THERMALTAKE  GAMER 4 EN 1 TECLADO + MOUSE + PAD MOUSE + AURICULAR
AURICULAR C/MICROFONO GAMER  NEGRO -ROJA
PAD MOUSE
ENVIAMOS CONFIGURADO Y OPERATIVO
DISEÑO DEL CASE PUEDE VARIAR";"·  Este equipo esta preparado para trabajos de nivel GAMING BÁSICO-INTERMEDIO, también para ejecutar, programas de Ofimática, redes y contabilidad.
·  Ideal para trabajos de ingeniería o arquitectura, NIVEL ESTUDIANTE (modelados, renderizado, animaciones a un nivel  básico-intermedio)
·  Ideal para juegos en nivel INTERMEDIO: fortnite, dota 2, overwatch, counter strike, warfrgisrame, league of legends entre otros juegos populares en línea.
·  ¡Encontraste tu mejor compañero de juegos, estudios y principal apoyo en el trabajo!
·  Es perfecta para ti ¡No te quedes sin la tuya! - Ideal para repotenciar en el futuro.
·  Brindamos garantía de 1 - 3 años según componente, respaldado por la marca y pc-ya empresarial.";;;;;;;;;;;1;https://i.linio.com/p/12ef0141f7dba3883fb23dd9c432b420-product.jpg;;;;;new;0;0;;1;0
1;1;PC GAMER RYZEN 5 – VIDEO RX 570 8GB, 8GB, 1TB, MONITOR 24, FULLHD;Inicio;3149;1;;0;;;;;GE582EL1ALDN3LPE;;;Generico;;;;;;;;;;;0;;;;;;;;"PROCESADOR AMD RYZEN 5 2600G 3.40GHZ, AM4.
TARJETA DE VIDEO  GAMING RADEON RX570 8GB OC/H GDDR5 256 BITS HDMI/DVI-D/DP
PLACA ASUS PRIME B450, AM4, .SOP.32GB RAM.
DISCO DURO SEAGATE 1TB SATA 6Gb/s 64 MB 3.5"" 7200RPM
MEMORIA HyperX Fury, 8GB, DDR4, 2666 MHz CON DISIPADOR.
CASE GAMER  450W 1x USB 3.0 
MONITOR TEROS TE24FHD, 24"" IPS, 1920X1080 FULL HD, HDMI / VGA 5ms
KIT THERMALTAKE  GAMER 4 EN 1 TECLADO + MOUSE + PAD MOUSE + AURICULAR
AURICULAR C/MICROFONO GAMER  NEGRO -ROJA
PAD MOUSE
ENVIAMOS CONFIGURADO Y OPERATIVO
DISEÑO DEL CASE PUEDE VARIAR";"·  Este equipo esta preparado para trabajos de nivel GAMING BÁSICO-INTERMEDIO, también para ejecutar, programas de Ofimática, redes y contabilidad.
·  Ideal para trabajos de ingeniería o arquitectura, NIVEL ESTUDIANTE (modelados, renderizado, animaciones a un nivel  básico-intermedio)
·  Ideal para juegos en nivel INTERMEDIO: fortnite, dota 2, overwatch, counter strike, warfrgisrame, league of legends entre otros juegos populares en línea.
·  ¡Encontraste tu mejor compañero de juegos, estudios y principal apoyo en el trabajo!
·  Es perfecta para ti ¡No te quedes sin la tuya! - Ideal para repotenciar en el futuro.
·  Brindamos garantía de 1 - 3 años según componente, respaldado por la marca y pc-ya empresarial.";;;;;;;;;;;1;https://i.linio.com/p/bfa72dd964919a9ce93b9989a3198d49-product.jpg,https://i.linio.com/p/daf6519929c3baf3a1d4315c8da5d0dc-product.jpg;;;;;new;0;0;;1;0
1;1;CPU AMD Ryzen 5 2400G 3.6GHZ, 8GB, 1TB, VIDEO VEGA 11;Inicio;1999;1;;0;;;;;GE582EL08G6GFLPE;;;Generico;;;;;;;;;;;0;;;;;;;;"PROCESADOR AMD RYZEN 5 2400G 3.6/3.9GHZ, AM4.Graficos Vega 11
Video  Radeon Vega 11 Graphics
Case Gamer,  400/450W 1x USB 3.0 -USB 2.0";"Placa GA-A320-S2H, rev 1.0, AM4, AMD A320, DDR4, SATA 6.0, USB 3.1 procesadores Ryzen
PROCESADOR AMD RYZEN 5 2400G 3.6/3.9GHZ, AM4.Graficos Vega 11
AMD VR Ready, AVX2, FMA3, XFR (Extended Frequency Range)
Video  Radeon Vega 11 Graphics
Memoria 8GB DDR4 2400 Mhz Con Disipador de calor
Disco Duro Seagate 1TB7200 RPM SATA 64MB
Case Gamer,  400/450W 1x USB 3.0 -USB 2.0
Se envía configurado y operativo
Grantía de 1 a 3 años";;;;;;;;;;;1;https://i.linio.com/p/c36555f8a72cf4e8f7bdd1a501964484-product.jpg;;;;;new;0;0;;1;0
1;1;Repetidor Rango Extensor N300 C/ 10 100 - Dlink;Inicio;69;1;;0;;;;;DL275EL04KV6QLPE;;;D Link;;;;;;;;;;;0;;;;;;;;Marca dlinkFormato ROUTERModelo del producto DAP 1325Tipo de producto ExtensorCantidad de antenas 2Cantidad de puertos lan 1Tecnologia wifi 2.4 MghzVelocidad 300mbpsCompatibilidad todos los operadoresInalambrico siFuente de alimentacion siColor BlancoPeso 0.21Dimensiones cm largo x ancho x alto 16.1X10.4X9.4Garantia del proveedor 60 mesesIncluye Extensor / Cable poder / cable de red / manualesAmplificador WiFi con excelente relación calidad/precioIdeal para extender la cobertura y solucionar los problemas de conexión a Internet cuando estás lejos del routerPráctico (enchúfalo y pulsa el botón para que extienda la cobertura)Dispone de antenas externas y de indicadores de intensidad de señal pPuerto de red Ethernet LAN para una conexion con cable /dispositivo plug & play;"Repetidor Rango Extensor N300 C/ 10 100 - Dlink

Los avances tecnológicos son parte esencial en nuestra vida diaria, ya que permiten al ser humano resolver un problema, adaptarse al medio ambiente, satisfacer sus necesidades y sus deseos. Los nuevos aparatos electrónicos, permiten realizar tareas que se hacían de forma manual de una forma más ágil y eficaz. Por ello, se han convertido en la herramienta más importante en los últimos años, herramientas que nos acompañan en todo momento y en todo lugar y que podemos personalizar a nuestro gusto.

Encuentra entretenimiento para tu hogar en equipos como TV's, celulares, laptops, tablets, computadoras, cámaras, impresoras, minicomponentes, consolas de juegos y accesorios complementarios que te permitirán realizar una actividad o tarea en el menor tiempo posible. Disfruta la mejor tecnología para tu hogar y estilo de vida con las marcas más reconocidas y la mejor calidad del mercado fusionados en una amplia gama de productos.

En Tottus siempre tendrás modelos de equipos hechos a tu medida a los mejores PRECIAZOS.";;;;;;;;;;;1;https://i.linio.com/p/9f36917a396797e79ba6ff835365aae5-product.jpg,https://i.linio.com/p/049bfd54b54ea33f2c834157c97ce768-product.jpg,https://i.linio.com/p/d903428b9bf506e68e538964650f2a08-product.jpg;;;;;new;0;0;;1;0
1;1;"Monitor Dell 20 E2016HV 19.5"" 1600x900, TN LED VGA";Inicio;499.9;1;;0;;;;;DE073EL1CDZC3LPE;;;Dell;;;;;;;;;;;0;;;;;;;;"MARCA DELL
MODELO E2016HV
PART NUMBER 210-AGLU
PANTALLA TAMAÑO 19.5 PULG
TIPO TN LED
PROPORCION WIDE
RESOLUCION MAX 1600 x 900
CARACTERISTICAS OPTICAS CONTRASTE 600:1
BRILLO 200 CD/M2
TIEMPO DE RESPUESTA 5 MS
TASA DE REFRESCO 60 HZ
INCLINACION / GIRO INCLINACION -21° HASTA 5°
ENTRADAS / SALIDAS D-SUB VGA (15 PINES)
CARACTERISTICAS SOPORTE DE MONTAJE VESA: 10.00cm x 10.00cm
VOLTAJE DE ALIMENTACION AUTOVOLTAJE (100V ~ 240 VAC)
CONSUMO DE ENERGIA CONSUMO DE ENERGIA 14W
DIMENSIONES DIMENSIONES CON BASE 47.15 x 16.70 x 36.89 CM
PESO 3.02 KG";"Monitor Dell 20 E2016HV, 19.5"" 1600x900, TN LED, VGA
Tasa de Refresco 60Hz, Relación de aspecto 16:9, Brillo 200 cd/m², Contraste Ratio 1000:1, Tiempo de respuesta 5ms negro a blanco, 100-240VAC.

MARCA DELLMODELO E2016HVPART NUMBER 210-AGLUPANTALLA TAMAÑO 19.5 PULGTIPO TN LEDPROPORCION WIDERESOLUCION MAX 1600 x 900CARACTERISTICAS OPTICAS CONTRASTE 600:1BRILLO 200 CD/M2TIEMPO DE RESPUESTA 5 MSTASA DE REFRESCO 60 HZINCLINACION / GIRO INCLINACION -21° HASTA 5°ENTRADAS / SALIDAS D-SUB VGA (15 PINES)CARACTERISTICAS SOPORTE DE MONTAJE VESA: 10.00cm x 10.00cmVOLTAJE DE ALIMENTACION AUTOVOLTAJE (100V ~ 240 VAC)CONSUMO DE ENERGIA CONSUMO DE ENERGIA 14WDIMENSIONES DIMENSIONES CON BASE 47.15 x 16.70 x 36.89 CMPESO 3.02 KG";;;;;;;;;;;1;https://i.linio.com/p/bfa82674a23f048adac2e2e7b90ae94c-product.jpg,https://i.linio.com/p/007f4bee4a0eaf4e1623dca6b1ee6fd4-product.jpg;;;;;new;0;0;;1;0
1;1;COOLER CYBERCOOL RGB HA-N10 156 PARA LAPTOP;Inicio;125;1;;0;;;;;CY878EL08CENJLPE;;;Cybercool;;;;;;;;;;;0;;;;;;;;"Marca: CYBERCOOL
Modelo: HA-N10
Producto: Cooler para Laptop
Interfaz: USB
Puertos USB: 2
Cooler: 02 14cm led
Display: (encendido/velocidad)
Dimensiones: 461x264x52 mm";"Fantástica base que te permitirá mantener siempre estable la temperatura de tu notebook o laptop, es ajustable para que la coloques en la posición que te parezca más cómoda. Con luces RGB que le dará mayor estilo.Fantástica base que te permitirá mantener siempre estable la temperatura de tu notebook o laptop, es ajustable para que la coloques en la posición que te parezca más cómoda. Con luces RGB que le dará mayor estilo.
Modelo : HA-N10
Producto : Cooler para Laptop
Iluminacion : RGB
Velocidad del ventilador : 1500 RPM
Ventiladores : 2";;;;;;;;;;;1;https://i.linio.com/p/b2ae09e97370e24177d2b9c49781ceea-product.jpg,https://i.linio.com/p/617132382c8d8cdd8d3406a4c0799f2c-product.jpg;;;;;new;0;0;;1;0
1;1;Kit Gaming Corsair Teclado K55 Mouse Harpoon Rgb Usb;Inicio;349;1;;0;;;;;CO844EL0LAKD7LPE;;;Corsair;;;;;;;;;;;0;;;;;;;;"TECLADO K55 RGB
3 ZONAS DE ILUMINACION DINAMICA
VERSION ESPAÑOL
6 TECLAS PROGRAMABLES
TECLAS SILENCIOSAS
CONTROLES DE VOLUMEN Y MULTIMEDIA
PULSACION SIMULTANEA
REPOSAMUÑECAS DESMONTABLE
TECLA DE BLOQUEO DE WINDOWS
MOUSE HARPOON
SENSOR OPTICO 6000DPI
6 BOTONES PROG
BOTON CAMBIO DPI -RETOILUMINADO
DISEÑO ERGONOMICO
SUPERFICIE LATERAL TEXTURIZADA";"El pack de teclado y ratón para juegos K55 + HARPOON RGB es su primer paso para convertirse en ganador. Presenta teclas de macro programables, un sensor de ratón de 6000 dpi de alto rendimiento y compatibilidad completa con iCUE.
PERSONALIZACIÓN, CONTROL Y LISTO PARA EL JUEGO
Juntos este dúo incluyte todas las funciones imprescindibles que necesita para mejorar el rendimiento de sus juegos.
K55 RGB
Los modos de retroiluminación RGB intuitivos, sus 6 teclas macro especificas, el efecto antifantasmas, multitecla y sus controles multimedia ofrecen un gran control y capacidad de personalización, elementos esenciales para lograr la victoria. El K55 RGB lleva el rendimiento a un nuevo nivel.
CONTROLES ESPECIFICOS PARA EL VOLUMEN Y EL CONTENIDO MULTIMEDIA
Ajuste de sonido sin interrumpir el juego gracias al control directo de volumen y reproducción multimedia.";;;;;;;;;;;1;https://i.linio.com/p/a28e056c9c2e30616f1e52f872493979-product.jpg,https://i.linio.com/p/5f6165fc9bac6eef11e4095cc746cb69-product.jpg,https://i.linio.com/p/6a512d13e3244cd9c3007bde6e90b520-product.jpg,https://i.linio.com/p/6090e03662a463ec444479ef0bea4505-product.jpg;;;;;new;0;0;;1;0
1;1;FUENTE PODER AVATEC ATX 600W CSATA;Inicio;59;1;;0;;;;;AV728EL1KE9HZLPE;;;Avatec;;;;;;;;;;;0;;;;;;;;"MARCA AVATEC
MODELO PSAF600W
Características 2 Bobinas de inducción para una mejor regulación de energía
Compatible con el estándar Intel ATX 12V - 2.3V
Soporta procesadores Intel y AMD 2 Conectores S-SATA DC
compatibles con Discos Duros SATA y DVD ROM
Conector PCI-E PIN8 para tarjetas gráficas
Conector 1x ATX 20+4 Pines Sistema dual de 12 V para alto consumo de energía
Diseño de Alta Eficiencia Alto Rendimiento";FUENTE PODER AVATEC  ATX 600W C/SATA (PSA-F600W);;;;;;;;;;;1;https://i.linio.com/p/734329643d3ad5db775b148b07dfea74-product.jpg;;;;;new;0;0;;1;0
1;1;Mainboard MSI B365M-A DDR4 LGA 1151 Para 8va9va;Inicio;350;1;;0;;;;;AS282EL1LKG0YLPE;;;Asus;;;;;;;;;;;0;;;;;;;;"Familia Mainboard
Marca MSI
Nro Parte B365M-A
Cod. Interno 103646
Socket LGA 1151
Chipset Intel® B365
Factor de Forma Micro ATX Form Factor
Soporte procesador:
Intel® Socket 1151 para 9 º / 8 º Generación Core ™ i7 / Core ™ i5 / Core ™ i3 / Pentium® / Celeron® procesadores
Soporte Memoria 4 x DIMM, máx. 64 GB, DDR4 2666/2400/2133 MHz Memoria sin ECC, sin búfer
Gráficos Integrados
Procesador de gráficos integrado: soporte de gráficos Intel® HD Soporte";"PRIME B365M-A
Las placas base ASUS Prime 300 Series brindan la base sólida necesaria para su primera construcción, además de flexibilidad para crecer con sus ambiciones.";;;;;;;;;;;1;https://i.linio.com/p/1659a9273e0c6e78e8468f7d22a8938d-product.jpg,https://i.linio.com/p/2b9647c6a155abc6796b76c53644df55-product.jpg,https://i.linio.com/p/ac3042089d0bc83f6be9a159a1eeb560-product.jpg;;;;;new;0;0;;1;0
1;1;Fire Tv Stick Lite Full Con Alexa Streaming Hd Netflix Prime;Inicio;250;1;;0;;;;;AM572EL1H598BLPE;;;Amazon;;;;;;;;;;;0;;;;;;;;"Ve tus aplicaciones favoritas de Netflix, YouTube, Prime Video, STARZ, SHOWTIME, o CBS All Access, además reproduce de forma gratuita con Pluto TV, IMDb TV, Tubi, y otros.
Ve tus programas favoritos en Netflix, YouTube, Prime Video, Disney+, Apple TV, HBO, y más. Pueden aplicar costos por subscripciones.
El stick 4K de reproducción multimedia más potente con un diseño de antena wifi optimizada para reproducción 4K Ultra HD.
Disfruta de una imagen brillante con acceso a 4K Ultra HD, Dolby Vision, HDR, y HDR10+. Experimenta sonido inmerso con Dolby Atmos en títulos seleccionados de Prime Video.";"Nuestro Fire TV Stick más asequible - Disfruta de una rápida reproducción en Full HD. Viene con Control por Voz de Alexa Lite.
Presiona y pregúntale a Alexa - Usa tu voz para buscar y reproducir fácilmente programas a través de múltiples aplicaciones. Decenas de miles de canales, skills y aplicaciones de Alexa - Incluyendo Netflix, YouTube, Prime Video, Disney+, Apple TV+, y HBO Max. Pueden aplicarse tarifas de suscripción.

Más de 500 000 películas y episodios de televisión - Con miles incluidos en tu suscripción Prime.Televisión en vivo - Mira tus programas de televisión, noticias, y deportes favoritos en vivo, con suscripciones a SLING TV, YouTube TV, entre otros. Televisión gratuita - Accede a más de    20000 películas y programas de televisión gratuitos, desde aplicaciones como IMDb TV, Tubi, Pluto TV y más.

Escucha música - Reproduce música desde Amazon Music, Spotify, Pandora, y otros. Pueden aplicarse tarifas de suscripción. Fácil de instalar, permanece oculto - Conéctalo detrás de tu televisor, enciende el televisor y conéctate a internet para configurar.";;;;;;;;;;;1;https://i.linio.com/p/4db1b01e6e4fb400d5bc1ba38041892f-product.jpg,https://i.linio.com/p/2e54e0cb85981858c24be3976c78a222-product.jpg,https://i.linio.com/p/1fc76cb8ef9a1b2324e31c6b1660a7f7-product.jpg,https://i.linio.com/p/35fcd9316dac2a30db46421ba7a7f3d1-product.jpg;;;;;new;0;0;;1;0
1;1;PC GAMER AMD RYZEN 7 3700X RAM 16GB DISC SSD 480GB HDD 1TB VIDEO 8GB MONITOR27'';Inicio;5508;1;;0;;;;;AM281EL13VH8BLPE;;;AMD;;;;;;;;;;;0;;;;;;;;"PLACA MADRE B550M AORUS ELITE AM4       
PROCESADOR AMD RYZEN 7 3700X 3.6GHZ AM4 
MEMORIA RAM DDR4 DE 16GB RGB 3200MHZ
TARJETA DE VIDEO DE 8GB GDDR5 RADEON RX570 ARMOR OC 256 BIT  
DISCO SOLIDO 480GB SSD 
DISCO DURO 1 TERA PARA PC
CASE GAMER 4X RGB SIN FUENTE    
FUENTE DE PODER 650W 80 PLUS BRONZE                                                                                              
MONITOR 27"" IPS FULL HD LED VGA-HDMI       
TECLADO MECANICO GAMER LED                                                                                                                  
MOUSE GAMING RGB                                                                                                                              
ESTABILIZADOR 4 TOMAS";"PC GAMER COMPLETA AMD RYZEN 7 3700X RAM 16GB DISCO SSD 480GB HDD 1TB VIDEO 8GB MONITOR 27 PUL.   Una computadora Ideal para Usuarios que aman la potencia, para uso exigente, Ingeniería y Video Juegos en alta resolución y procesamiento en trabajos multitarea.        CARACTERISTICAS:
PLACA MADRE B550M AORUS ELITE AM4       
PROCESADOR AMD RYZEN 7 3700X 3.6GHZ AM4 
MEMORIA RAM DDR4 DE 16GB RGB 3200MHZ
TARJETA DE VIDEO DE 8GB GDDR5 RADEON RX570 ARMOR OC 256 BIT  
DISCO SOLIDO 480GB SSD 
DISCO DURO 1 TERA PARA PC
CASE GAMER 4X RGB SIN FUENTE    
FUENTE DE PODER 650W 80 PLUS BRONZE                                                                                              
MONITOR 27"" IPS FULL HD LED VGA-HDM       
TECLADO MECANICO GAMER LED                                                                                                                  
MOUSE GAMING RGB                                                                                                                              
ESTABILIZADOR 4 TOMAS";;;;;;;;;;;1;https://i.linio.com/p/a079677b5174db21fc9b1b2c1dbbe4d8-product.jpg;;;;;new;0;0;;1;0
1;1;PC Mustang RED- AMD A6 9500 3.8 Ghz Max - HDD 1TB RAM DDR4 8GB;Inicio;999;1;;0;;;;;AM281EL12C8P2LPE;;;AMD;;;;;;;;;;;0;;;;;;;;"Procesador AMD A6-9500, 3.80 GHz /3.5 ghz , 2MB L2, 08 Cores, AM4, 28nm, 65W, caja.
Tarjeta de Vídeo AMD Radeon R5  Integrada en el procesador.
Disco duro  1TB, SATA 6.0 Gbps, 7200 RPM, 64MB Cache, 3.5"".SATA
Memoria  Disipador , 8 GB, DDR4, 2400 MHz, CL15, XMP.
Grabador DVD Multi Formatos ( Quemador , Lector de peliculas )
Case ATX c/ Fuente 
Fuente ATX 350W 
Obsequio : KIT DE TECLADO INALAMBRICO.";"PC ARMADA GAMER  AMD A6 9500 - 8GB DDR4 - 1TB -  CASE GAMER
 
CARACTERÍSTICAS
-Microprocesador AMD APU A6  9500 - 8 cores  - Frecuencia 3.5/3.8Ghz - Cache 1Mbl - Gráficos Integrados Radeon R7 series -Motherboard  A320 - Soporta AM4 - Hasta 32GB DDR4 2400Mhz - USB 3.0 - SATA 6Gbps - PCI-E 3.0 - M.2
-Memoria RAM 8GB DDR4 2400Mhz - 
-Disco Rígido  1TB SATA III 6Gbps 7200RPM - Cache 64Mb
-Gabinete kit con fuente 350W + Teclado, mouse 
EL EQUIPO NO INCLUYE MONITOR, IMÁGENES ILUSTRATIVAS
No pierdas la oportunidad la mejor relación precio calidad del mercado de computadoras.
 ";;;;;;;;;;;1;https://i.linio.com/p/b389a64bae9d354147b9044f7b2aa709-product.jpg,https://i.linio.com/p/ca90156f22eb2e2e7b43c5e52f8a102e-product.jpg,https://i.linio.com/p/2b406a02a330bbcd2028533b760ed8aa-product.jpg;;;;;new;0;0;;1;0
1;1;PC ARES AMD A10 9700 3.8 Ghz - HDD 1TB RAM DDR4 8GB;Inicio;1199;1;;0;;;;;AM281EL0X2ZPKLPE;;;Antryx;;;;;;;;;;;0;;;;;;;;"Procesador AMD A10-9700, 3.50GHz, 2MB L2, 10 Cores, AM4, 28nm, 65W, caja.
Tarjeta de Vídeo AMD Radeon R7 ( 2GB max. )Integrada en el procesador.
Disco duro  1TB, SATA 6.0 Gbps, 7200 RPM, 64MB Cache, 3.5"".SATA
Memoria  Disipador , 8 GB, DDR4, 2400 MHz, CL15, XMP.
Grabador DVD Multi Formatos ( Quemador , Lector de peliculas )
Case ATX c/ Fuente 
Fuente ATX 350W ";"PC ARMADA GAMER  AMD A10 9700 - 8 GB DDR4 - 1TB - KIT DE TECLADO & MOUSE
Esta configuración cuenta con un procesador AMD APU A10 9700, una solución accesible que nos permite disfrutar juegos como Overwatch, GTA V, Dota 2, CS:GO, Battlefield 1 entre otros a calidad media a una resolución 720p e incluso 1080p en los juegos menos demandantes, reproducir contenido multimedia 1080p o 4K y realizar tareas de hogar / oficina
CARACTERÍSTICAS 
-Microprocesador AMD APU A10 9700 - 4 Núcleos - Frecuencia 3.5/3.8Ghz - Cache 2Mbl - Gráficos Integrados Radeon R7 series 
-Motherboard  A320 - Soporta AM4 - Hasta 32GB DDR4 2400Mhz - USB 3.0 - SATA 6Gbps - PCI-E 3.0 - M.2
-Memoria RAM 08 GB DDR4 2400Mhz - 
-Disco Rígido  1TB SATA III 6Gbps 7200RPM - Cache 64Mb -Gabinete kit con fuente 350W + Teclado, mouse 
EL EQUIPO NO  INCLUYE MONITOR  , SISTEMA OPERATIVO, IMÁGENES ILUSTRATIVAS
No pierdas la oportunidad la mejor relación precio calidad del mercado de computadoras.";;;;;;;;;;;1;https://i.linio.com/p/44c5540a53b7039554db8a0433f49928-product.jpg;;;;;new;0;0;;1;0
1;1;Pc Gamer Ryzen 5 3500x Gtx 1650 4gb Diseño Ingenieria 3d Cad;Inicio;3919;1;;0;;;;;AM281EL0NQ0R6LPE;;;AMD;;;;;;;;;;;0;;;;;;;;• Amd Ryzen 5 3500X 3.60 GHz, 35MB Cache total, 6 Núcleos, 6 Hilos• Memoria Ram 8 GB DDR4 2666MHz;"• Amd Ryzen 5 3500X 3.60 GHz, 35MB Cache total, 6 Núcleos, 6 Hilos• Memoria Ram 8 GB DDR4 2666MHz• Disco duro 1 TB• Disco solido 480 GB• Placa madre Chipset B450• T. Video dedicado Nvidia Geforce GTX 1650 Super 4GB o Amd Radeon RX 570 8Gb (Disponibilidad según stock)• Kit Gaming (Teclado+Mouse+Auricular)• Monitor 24"" Curvo FULL HD• Case Gamer RGB (Imagen referencial• Fuente real 550w";;;;;;;;;;;1;https://i.linio.com/p/417876d79e2aceca6558607f2c437044-product.jpg;;;;;new;0;0;;1;0
1;1;PC Mustang Red AMD A6 9500 3.8 Ghz Max - HDD 1TB RAM DDR4 8GB;Inicio;960;1;;0;;;;;AM281EL0JADC6LPE;;;AMD;;;;;;;;;;;0;;;;;;;;"Procesador AMD A6-9500, 3.80 GHz /3.5 ghz , 2MB L2, 10 Cores, AM4, 28nm, 65W, caja.
Tarjeta de Vídeo AMD Radeon R5  Integrada en el procesador.
Disco duro  1TB, SATA 6.0 Gbps, 7200 RPM, 64MB Cache, 3.5"".SATA
Memoria  Disipador , 8 GB, DDR4, 2400 MHz, CL15, XMP.
Grabador DVD Multi Formatos ( Quemador , Lector de peliculas )
Case ATX c/ Fuente 
Fuente ATX 350W 
Obsequio : Regleta de tomas de poder .4 salidas";"PC ARMADA GAMER  AMD A6 9500 - 8GB DDR4 - 1TB -  CASE GAMER
 
CARACTERÍSTICAS
-Microprocesador AMD APU A6  9500 - 8 cores  - Frecuencia 3.5/3.8Ghz - Cache 1Mbl - Gráficos Integrados Radeon R7 series -Motherboard  A320 - Soporta AM4 - Hasta 32GB DDR4 2400Mhz - USB 3.0 - SATA 6Gbps - PCI-E 3.0 - M.2
-Memoria RAM 8GB DDR4 2400Mhz - 
-Disco Rígido  1TB SATA III 6Gbps 7200RPM - Cache 64Mb
-Gabinete kit con fuente 350W + Teclado, mouse 
 No pierdas la oportunidad la mejor relación precio calidad del mercado de computadoras.
 ";;;;;;;;;;;1;https://i.linio.com/p/b4caea4fbd806e519992cca72d19366c-product.jpg,https://i.linio.com/p/d3d6cdb201938a959d984c0d817c24e7-product.jpg,https://i.linio.com/p/eb0cedb42996c189954730894fe77046-product.jpg;;;;;new;0;0;;1;0
1;1;PC GAMER AMD RYZEN 7 3700X 3.6GHZ, RAM 8GB RGB, SSD 480GB, HDD 1TB, VIDEO 8GB;Inicio;4587;1;;0;;;;;AM281EL0GRK8FLPE;;;AMD;;;;;;;;;;;0;;;;;;;;"PLACA MADRE B550M AM4       
PROCESADOR AMD RYZEN 7 3700X 3.6GHZ AM4 
MEMORIA DDR4 DE 8GB 3200MHZ 
TARJETA DE VIDEO 8GB GDDR5 RADEON RX570 
DISCO SOLIDO 480GB SSD   
DISCO HD 1 TERA  PARA PC 
CASE GAMER  RGB SIN FUENTE
FUENTE DE PODER 650W 80 PLUS BRONZE      ";PC GAMER AMD RYZEN 7 3700X 3.6GHZ RAM 8GB RGB, DISCO SSD 480GB, HDD 1TB, VIDEO DE 8GB.Fabricados para rendir. Diseñados para ganar. Más velocidad. Más memoria. Mayor ancho de banda. Exígelos al máximo, exprime hasta la última gota de rendimiento, llévalos al límite. Los procesadores AMD Ryzen™ se diseñaron para superar todas las expectativas y marcar un nuevo camino en materia de procesadores de alto rendimiento.Los procesadores AMD Ryzen™ nacen de la tecnología de fabricación más avanzada del mundo para garantizar un rendimiento ganador y un sistema con un funcionamiento asombrosamente refrigerado y silencioso.Los procesadores Ryzen integran la primera plataforma de conectividad PCIe® 4.0 del mundo para poner en tus manos las tecnologías de motherboards, tarjetas gráficas y almacenamiento más avanzadas que existen.;;;;;;;;;;;1;https://i.linio.com/p/574d5c5afbdab17c084569bb5a8691fc-product.jpg;;;;;new;0;0;;1;0
1;1;Computadora Ryzen 5 3600-16GB,SSD 480GB, GTX 1650,LED CURVO 24.;Inicio;3899;1;;0;;;;;AM281EL091M27LPE;;;AMD;;;;;;;;;;;0;;;;;;;;"Procesador AMD Ryzen 5 3600, 3.60GHz, 32MB L3, 6 Core, AM4, 7nm, 65W.
PLACA Gigabyte B450M Aorus Elite, rev 1.0, AM4, B450, DDR4, SATA 6.0, USB 3.1.
Memoria HP V6 Series, 16GB, DDR4, 3000 MHz, PC4-24000, CL-16, 1.35V
DISCOS SOLIDO SSD kingston 480GB SA400 SATA 6GB/S 2.5""
TARJETA DE VIDEO PNY GTX1650 NVIDIA 4GB DDR6 PCI E HDMI DP
CASE PLAYER GAMING 1ST PLAYER D4 RGB ATX 550W 1ST-D4PLAYER  con fuente incluido
MONITOR SAMSUNG LC24F390FHLXPE, 23.5"" LED CURVO 1920x1080, HDMI/VGA.Brillo 250cd/m2, 3,000:1
KIT HALION GAMING AKULA HA-870C 4 EN 1 TECLADO + MOUSE + AUDIFONO + PAD MOUSE USB - HA-870C
El diseño del case puede variar sin perder el performance.";Renueva tu computadora con un potente procesador para su nivel,Solución a todo trabajo multitarea, juegos en línea, diseño, estudio, sobre todo el trabajo y producción,  todo lo que necesitas tener en casa con una inversión mínima, con una calidad profesional de ensamblaje y configuración, que nos permite ofrecer por los años de experiencia en el rubro, comprueba en cada compra, garantía de 1 a 3 años,  nuestra pos  venta eficiente, una respuesta pronta y apoyo técnico, es lo que nos hace la diferencia  como empresa, con el respaldo de  PCYA EMPRESARIAL,  no te quedes sin el suyo !;;;;;;;;;;;1;https://i.linio.com/p/19abd046189f189b8ac205a401708203-product.jpg,https://i.linio.com/p/22b1961338c8096618dfac60c69d2135-product.jpg;;;;;new;0;0;;1;0
1;1;PC Red AMD A10 9700 3.8 Ghz - HDD 1TB RAM DDR4 8GB .;Inicio;1199;1;;0;;;;;AM281EL063U06LPE;;;Antryx;;;;;;;;;;;0;;;;;;;;"Procesador AMD A10-9700, 3.50GHz, 2MB L2, 10 Cores, AM4, 28nm, 65W, caja.
Tarjeta de Vídeo AMD Radeon R5 (  Integrada en el procesador ).
Disco duro  1TB, SATA 6.0 Gbps, 7200 RPM, 64MB Cache, 3.5"".SATA
Memoria  Disipador , 8 GB, DDR4, 2400 MHz, CL15, XMP.
Grabador DVD Multi Formatos ( Quemador , Lector de peliculas )
Case ATX c/ Fuente 
Fuente ATX 350W 
Kit teclado multimedia y mouse óptico VERBATIN";"PC ARMADA R  AMD A10 9700 - 8GB DDR4 - 1TB - KIT DE TECLADO & MOUSE
Esta configuración cuenta con un procesador AMD APU A10 9700, una solución accesible que nos permite disfrutar juegos como Overwatch, GTA V, Dota 2, CS:GO, Battlefield 1 entre otros a calidad media a una resolución 720p e incluso 1080p en los juegos menos demandantes, reproducir contenido multimedia 1080p o 4K y realizar tareas de hogar / oficina 

CARACTERÍSTICAS
-Microprocesador AMD APU A10 9700 - 4 Núcleos - Frecuencia 3.5/3.8Ghz - Cache 2Mbl - Gráficos Integrados Radeon R7 series 
-Motherboard  A320 - Soporta AM4 - Hasta 32GB DDR4 2400Mhz - USB 3.0 - SATA 6Gbps - PCI-E 3.0 - M.2
-Memoria RAM 8GB DDR4 2400Mhz - 
-Disco Rígido  1TB SATA III 6Gbps 7200RPM - Cache 64Mb
-Gabinete kit con fuente 350W + Teclado, mouse  -EL EQUIPO SE ENVIO LISTO PARA USAR .
EL EQUIPO NO INCLUYE MONITOR, SISTEMA OPERATIVO, IMÁGENES ILUSTRATIVAS
No pierdas la oportunidad la mejor relación precio calidad del mercado de computadoras. ";;;;;;;;;;;1;https://i.linio.com/p/1eac893bd868b114fd7f38c5b403736b-product.jpg;;;;;new;0;0;;1;0
1;1;Carcasa Case Adata Ed600 Hdd 2,5 Usb 3,0;Inicio;79;1;;0;;;;;AD198EL01SLZVLPE;;;Adata;;;;;;;;;;;0;;;;;;;;Admite discos duros SATA (interfaz serie), pero no admite interfaz IDE (puerto paralelo). Asegúrate de que tu disco duro es un conector SATA.Comprueba el controlador de la placa base si el ordenador no reconoce la caja del disco duro.El cable de datos debe estar conectado al puerto USB en la parte posterior de la placa base.Si el disco duro ha sido identificado pero se muestra en estado de conexión, mueve el ratón a la posición de la pantalla sin conexión y haz clic en la tecla derecha.Inicia el nuevo disco duro.;",5/3,5 pulgadas SSD SATA/HDD USB 3,0 interfaz de 6 Gbps doble puerto serie DISCO de caja de disco duro clonación USB3.0 estación de acoplamiento de disco duro clonado sin conexión USB3.0 HUB Enchufe europeo

Esta es una caja de disco duro de interfaz serie doble de 2,5/3,5 pulgadas, USB3.0 velocidad de transferencia rápida de hasta 6 Gbps. Protege tu disco duro y aplicaciones de datos valiosos. Los sistemas de soporte incluyen Linux, Windows 2000/XP, Win7, MAC Os y superior.

Características:
Interfaz serie doble diseño SATA:Puedes utilizar dos discos duros al mismo tiempo y mejorar la eficiencia del trabajo.
Capacidad:Admite todos los HDD/SDD SATA de 2,5/3,5 pulgadas y su capacidad de hasta 16 TB.
USB3.0:Puedes disfrutar de la transferencia de datos de alta velocidad a velocidades de hasta 6 Gpbs, que son más rápidos que el USB tradicional.
Cable de datos:Admite cables de datos para estabilizar la fuente de alimentación del disco duro y dar reproducción completa a la alta- velocidad. Rendimiento de USB3.0.
Compatibilidad:Es compatible con Windows, MAC y Linux. También se utiliza para enrutador, ordenador portátil, escritorio, TV inteligente y teléfono móvil.
Otra función:Buena disipación de calor para proteger tu disco duro.";;;;;;;;;;;1;https://i.linio.com/p/1bbe8aa9fd5065069316d06765ecf238-product.jpg,https://i.linio.com/p/527af526546faa2657115f6a10cf8164-product.jpg,https://i.linio.com/p/8f1b14701515e0a8598fcfa971d57c19-product.jpg,https://i.linio.com/p/596431fe03f7c64a7f0d61d6890b5575-product.jpg;;;;;new;0;0;;1;0
1;1;Kit Alarma Seguridad Advance ART-ARC2000B-03 wifi detector control;Inicio;459.99;1;;0;;;;;AD054HL1D3P9FLPE;;;Advance;;;;;;;;;;;0;;;;;;;;"Marca: Advance
Numero de parte: ART-ARC2000B-03
Tipo: Externo
Interfaz: Wi-Fi
Contenido: - 1 Conectrador de alarmas- 1 Detector PIR- 1 Detector de puertas / ventanas- 1 Control remoto";"Kit de alarma de seguridad Advance ART-ARC2000B-03, wifi, detector, control remoto.
CONTROL GLOBAL. SEPA QUÉ ESTÁ PASANDO LAS 24 HORAS DEL DÍA, LOS 7 DÍAS DE LA SEMANA, LA VISTA PREVIA Y LA REPRODUCCIÓN DE VIDEO, RECIBA NOTIFICACIONES A TRAVÉS DE DMSS EN CUALQUIER LUGAR Y EN CUALQUIER MOMENTO.
28 DETECTORES INALÁMBRICOS + 8 TECLAS INALÁMBRICAS + 4 SIRENAS INALÁMBRICAS
TECNOLOGÍA AIRFLY, CIFRADO AES DINÁMICO DE 2 BITS DE 128 BITS.
RANGO DE TRANSMISIÓN DE HASTA 150 M DE ESPACIO ABIERTO.
FÁCIL INSTALACIÓN, SIN CABLEADO";;;;;;;;;;;1;https://i.linio.com/p/329449077d0a6e754d2cffcbb8fa5e08-product.jpg;;;;;new;0;0;;1;0
1;1;Kit Cámaras IP Advance CAMHS2 2 cámaras DVR Disco 1TB Dia/Noche;Inicio;599.99;1;;0;;;;;AD054EL07B2LFLPE;;;Advance;;;;;;;;;;;0;;;;;;;;"Marca: Advance
Modelo: CAMHS2
Versión: 2 Camaras
Sensor: CMOS 1/4"" / 1MP
Lente: 2.8 mm / F/NO: 2.0
Iluminación minima: Color 0.5 Lux - IR LED 0 lux
Visión: Horizontal 60º (83.4º)
Zoom Digital: Si
Voltaje: 12 VDC / 2A
Dimensiones camara: 15.43 x 6.98 x 6.98 cm
Peso: 200 gr
Resolución: 1280 x 720
DVR con disco duro de 1 TB
Salida de video HDMI / VGA
4 canales de grabación
Puerto RJ-45 10/100 Mbps
2 Puertos USB Tipo A
Múltiple monitores en red: Navegador Web
Compatible también para: Smartphone / Tablet";"Kit Cámaras IP Advance CAMHS2, 2 cámaras, DVR con disco de 1TB, Dia/Noche.
Sensor de imagen CMOS 1/4"", lente de 2.8 mm @F2.0, 1MP, angulo de vista 60º (H), resolución 1280x720, zoom digital, conector de video BNC, alimentación 12VDC, DVR con disco duro de 1TB, salida de video HDMI / VGA, 4 canales de grabación a 720p, puerto RJ-45 10/100 Mbps, 2 puertos USB tipo A, compresión de grabación H.264, detección de movimiento, multiple monitores en red: navegador web, smartphone / tablet. 

DVR CON DISCO DURO DE 1TB
SALIDA DE VIDEO HDMI / VGA
4 CANALES DE GRABACIÓN
PUERTO RJ-45 10/100 MBPS
2 PUERTOS USB TIPO A
COMPRESIÓN DE GRABACIÓN H.264
DETECCIÓN DE MOVIMIENTO
MULTIPLE MONITORES EN RED: NAVEGADOR WEB
SMARTPHONE / TABLET";;;;;;;;;;;1;https://i.linio.com/p/a8a5dd62258bb58f9a4d57637a02889b-product.jpg;;;;;new;0;0;;1;0
1;1;"COMPUTADORA STUDENT AMD RYZEN 5 3400G 8GB 1TB 19.5"" HD";Laptops,Inicio;9.0;1;;0;;;;;016078;;;AMD;;;;;;;;;;;0;;;;;;;;"                   
                                <li>Marca : AMD</li>                        
                                <li>Producto : PC Hogar&amp;Oficina</li>                        
                                <li>Procesador : AMD Ryzen 5</li>                        
                                <li>Memoria RAM : 8GB DDR4</li>                        
                                <li>Almacenamiento :  1TB (HDD)</li>                        
                                <li>Mainboard : B450M DS3H V2</li>                        
                                <li>Pantalla : 19.5"" HD </li>                        
                                <li>KIT : Teclado + Mouse</li>                        
                                <li>GARANTIA : 2 Años</li>                        
                              ";"<p style=""text-align: center;""><img src=""https://www.infotec.com.pe/img/m/275-mf_image.jpg"" width=""195"" height=""115"" alt=""3nstar.jpg""></p>
<h2 class=""titulopri-productos"">Características</h2>
<ul>
<li>Marca:<strong>&nbsp;AMD</strong></li>
<li>Producto:<strong>&nbsp;PC Hogar&amp;Oficina</strong></li>
<li>Procesador:<b>&nbsp;AMD RYZEN 5 3400G (YD3400C5FHBOX) 3.7GHZ 6.0MB | AM4</b></li>
<li>Mainboard: <strong>GIGABYTE B450M DS3H V2 |AM4</strong></li>
<li>Almacenamiento: <strong>SEAGATE BARRACUDA 1TB (ST1000DM010) 64MB | 7200 RPM</strong></li>
<li>Memoria:&nbsp;<strong>CRUCIAL BALLISTIX 8GB DDR4 2666MHZ (BL8G26C16U4B)</strong></li>
<li>Case: <strong> HALION (SPARTA 841) 450W | LED-RGB</strong></li>
<li>Monitor: <strong>LG 19.5"" (20MK400H-B) 2MS LED VGA - HDMI</strong></li>
<li>KIT:<b> GENIUS KM-160 (31330001414) TECLADO + MOUSE</b></li>
</ul>
<p></p>
<h5 style=""text-align: center;""><b>*Las configuraciones están sujetos a cambios y a disponibilidad de Stock*</b></h5>
<h2 class=""titulopri-productos"">Detalle del producto</h2>
<ul class=""desc-3cols li"">
<li class=""col-xs-12 col-sm-4 li-productos""><center><img src=""https://www.infotec.com.pe/27076-large_default/procesador-amd-ryzen-3-3200g-3_6-ghz.jpg"" width=""300"" height=""300"" alt=""Bluetooth Barril-1.jpg""></center>
<p></p>
<h3 class=""titulo-productos"">PROCESADOR</h3>
<p class=""p-productos"">Todos merecen un procesador potente. Las características inigualables y el rendimiento fluido se han convertido finalmente en el estándar de cada jugador y artista. Incluidos los modelos con tarjetas gráficas Radeon™ de avanzada que vienen integradas.</p>
</li>
<li class=""col-xs-12 col-sm-4 li-productos""><center><img src=""https://www.infotec.com.pe/42691-large_default/mainboard-gigabyte-b450m-ds3h-v2-am4.jpg"" width=""300"" height=""300"" alt=""computadora-calabazin-ryzen-5_2600-8gb-4""></center>
<p></p>
<h3 class=""titulo-productos"">MAINBOARD</h3>
<p class=""p-productos"">Las placas base reducen el desperdicio de energía a través de la disipación de calor residual innecesaria. Todo esto equivale a un ahorro de energía tangible que es beneficioso tanto para los usuarios finales como para el medio ambiente sin afectar el rendimiento del sistema.</p>
</li>
<li class=""col-xs-12 col-sm-4 li-productos""><center><img src=""https://www.infotec.com.pe/38016-large_default/memoria-ram-crucial-ballistix-8gb-ddr4-2666mhz-bl8g26c16u4b.jpg"" width=""300"" height=""300"" alt=""computadora-calabazin-ryzen-5_2600-8gb-4""></center>
<p></p>
<h3 class=""titulo-productos"">MEMORIA RAM</h3>
<p class=""p-productos"">La memoria es un componente en su computadora que permite el acceso a datos a corto plazo. Dado que las operaciones momento a momento de su sistema dependen del acceso a datos a corto plazo (cargando aplicaciones, navegando en la Web o editando una hoja de cálculo), la velocidad y la cantidad de memoria en su sistema juegan un papel crítico.</p>
</li>
</ul>";;;;;;;;;;;1;https://www.infotec.com.pe/46477-home_default/computadora-student-amd-ryzen-5-3400g-8gb-1tb-195-hd.jpg,https://www.infotec.com.pe/45573-home_default/computadora-student-amd-ryzen-5-3400g-8gb-1tb-195-hd.jpg,https://www.infotec.com.pe/45575-home_default/computadora-student-amd-ryzen-5-3400g-8gb-1tb-195-hd.jpg,https://www.infotec.com.pe/45574-home_default/computadora-student-amd-ryzen-5-3400g-8gb-1tb-195-hd.jpg,https://www.infotec.com.pe/46471-home_default/computadora-student-amd-ryzen-5-3400g-8gb-1tb-195-hd.jpg,https://www.infotec.com.pe/45577-home_default/computadora-student-amd-ryzen-5-3400g-8gb-1tb-195-hd.jpg,https://www.infotec.com.pe/45572-home_default/computadora-student-amd-ryzen-5-3400g-8gb-1tb-195-hd.jpg,https://www.infotec.com.pe/46470-home_default/computadora-student-amd-ryzen-5-3400g-8gb-1tb-195-hd.jpg;;;;;new;0;0;;1;0;;;;;;;;;
